metric,pretty_name,n_years,mean,std,min,max,range,cv,min_year,max_year
cap_gen_wind_mw,Capacity: wind (MW),86,36400.0,0.0,36400.0,36400.0,0.0,0.0,1940,1940
storage_power_battery_mw,Storage power: battery (MW),86,17469.0,0.0,17469.0,17469.0,0.0,0.0,1940,1940
storage_power_PSH_mw,Storage power: PSH (MW),86,9070.0,0.0,9070.0,9070.0,0.0,0.0,1940,1940
cap_gen_wind offshore_mw,Capacity: wind offshore (MW),86,45343.0,0.0,45343.0,45343.0,0.0,0.0,1940,1940
load_hydrogen_mwh,load hydroGeneration: mwh,86,94892861.2380657,0.0,94892861.2380657,94892861.2380657,0.0,0.0,1940,1940
cap_gen_nuclear_mw,Capacity: nuclear (MW),86,19843.0,0.0,19843.0,19843.0,0.0,0.0,1940,1940
cap_gen_Biogas plant_mw,Capacity: Biogas plant (MW),86,4999.0,0.0,4999.0,4999.0,0.0,0.0,1940,1940
transmission_peak_utilisation,transmission peak utilisation,86,1.0,3.3861484801135303e-17,1.0,1.0000000000000002,2.220446049250313e-16,3.3861484801135303e-17,1940,1971
cap_gen_Natural gas_mw,Capacity: Natural gas (MW),86,20200.0,1.1095731339636016e-12,20200.0,20200.000000000004,3.637978807091713e-12,5.492936306750503e-17,1941,1940
storage_power_flow_mw,Storage power: flow (MW),86,156.0,1.5925125061591567e-14,155.99999999999997,156.0000000000001,1.4210854715202004e-13,1.0208413501020234e-16,1962,2019
chp_h2_total_mw,chp h2 total (MW),86,917.4989160923332,2.2737367544323206e-13,917.4989160923334,917.4989160923334,0.0,2.4781901259526953e-16,1940,1940
load_transport_mwh,load transport (MW)h,86,65141450.34617131,4.470348358154297e-08,65141450.34617131,65141450.34617131,0.0,6.862525065681228e-16,1940,1940
storage_power_transport_mw,Storage power: transport (MW),86,1859.0596559980406,1.3642420526593924e-12,1859.05965599804,1859.05965599804,0.0,7.33834467472748e-16,1940,1940
storage_power_hydrogen_storage_other_mw,Storage power: hydroGeneration: storage other (MW),86,22353.000000000004,2.5317361452893135e-11,22352.999999999985,22353.000000000226,2.4010660126805305e-10,1.132615821272005e-15,2024,1974
transmission_mean_utilisation,transmission mean utilisation,86,0.757828801805932,0.0030587252146001675,0.750011412107486,0.7664984879964072,0.016487075888921177,0.004036169128583026,2021,1962
elec_transmission_total_mw,elec transmission total (MW),86,165158.58663114486,1336.8053835277865,160937.15718331363,166830.98542207453,5893.828238760907,0.008094071345580876,1951,1940
total_annual_load_mwh,total annual load (MW)h,86,485289954.01909053,4894084.728718932,471947431.6408864,497237906.1688944,25290474.528007984,0.010084867177214235,2024,1940
gen_nuclear_mwh,Generation: nuclear (MW)h,86,133512046.71268459,2827255.750593521,128256312.42604318,142066331.84673148,13810019.420688301,0.021176034823866662,1961,2001
objective,objective,86,77353004702.91258,1940809569.814593,73549079347.22447,82623034458.58145,9073955111.35698,0.025090293224789437,2019,1996
gen_Biogas plant_mwh,Generation: Biogas plant (MW)h,86,26872954.00713252,718243.4126514704,25380803.74502465,28871253.16793044,3490449.422905788,0.02672737103858537,2020,2009
load_heat_mwh,load heat (MW)h,86,149700319.39572036,4894084.728718932,136357797.01751617,161648271.54552415,25290474.528007984,0.03269254700640835,2024,1940
peak_load_mw,peak load (MW),86,76817.53494434022,2604.9165711167107,71471.75655137615,83975.33950731393,12503.582955937774,0.03391044210158733,2020,1940
electrolyser_total_mw,electrolyser total (MW),86,23496.160020919397,1370.3417919438366,20505.62266824096,27433.314282439234,6927.691614198273,0.05832194668080983,1983,1952
gen_wind offshore_mwh,Generation: wind offshore (MW)h,86,135477556.5869322,9419266.049977511,110279391.40381342,156313884.3306353,46034492.92682189,0.06952639453556596,1951,1966
gen_wind_mwh,Generation: wind (MW)h,86,86460182.66950399,6857823.787989608,71287959.55653103,101347465.61763236,30059506.061101332,0.07931771106942713,2009,1983
curtailment_wind_offshore_share,Curtailment: wind offshore share,86,0.3590805392939921,0.04506397383208836,0.2519847423704882,0.4648339800153869,0.21284923764489871,0.125498234799054,1960,1985
curtailment_share_pu,Curtailment: share (p.u.),86,0.20081549893731784,0.02590876207710755,0.1435020297625247,0.2573905326491113,0.11388850288658661,0.12901774123119183,1960,1985
gen_PV ground_mwh,Generation: PV ground (MW)h,86,88598908.05210151,12602882.684159575,72530298.17545824,127176110.22032644,54645812.0448682,0.14224647866707701,1974,1985
cap_gen_PV ground_mw,Capacity: PV ground (MW),86,78230.06789728977,11234.005201793389,69844.0,124181.20325430157,54337.20325430157,0.14360214050360787,1943,1985
heat_pump_total_mw,heat (p.u.)mp total (MW),86,22959.795552140975,3427.0236949161617,14510.535903110636,33234.71110240466,18724.175199294026,0.14926194299655232,2020,1987
curtailment_wind_offshore_mwh,Curtailment: wind offshore (MW)h,86,76192371.7065537,11579186.161823932,51681785.07684156,100318555.40976538,48636770.332923815,0.15197303749015528,1960,1949
curtailment_total_mwh,Curtailment: total (MW)h,86,78461683.85738936,12838292.51162427,51725607.06032101,110145642.03255583,58420034.97223482,0.1636249935058612,1960,1985
h2_network_abs_flow_mwh,h2 network abs flow (MW)h,86,54909464.65927596,9310510.191812685,42263310.76464408,78211221.59073366,35947910.82608958,0.1695611175520693,1949,1991
h2_pipeline_total_mw,h2 pipeline total (MW),86,10793.137142208387,2266.953154326013,7072.076810516184,16256.64543958534,9184.568629069156,0.21003653751981988,1949,1991
storage_power_hot_water_mw,Storage power: hot water (MW),86,28702.309947921563,7259.64133384239,11133.908614808432,44131.88413595394,32997.975521145505,0.2529288181687999,2020,2009
storage_power_hydrogen_storage_mw,Storage power: hydroGeneration: storage (MW),86,11423.381199942509,2969.341879965282,6767.590956247187,19677.722417727862,12910.131461480676,0.2599354628890635,2002,1972
gen_Natural gas_mwh,Generation: Natural gas (MW)h,86,5047857.157365971,3044778.563723865,390586.3076317624,14713865.495026436,14323279.187394673,0.6031823937967105,1975,1997
curtailment_wind_mwh,Curtailment: wind (MW)h,86,1956161.8122348473,1776167.0348416802,26122.75724760744,8046466.341477386,8020343.5842297785,0.907985742147001,1966,1985
curtailment_wind_share,Curtailment: wind share,86,0.02248406311841323,0.021120868088547032,0.0003147613658036,0.0934632219034545,0.0931484605376509,0.9393706100767074,1978,2003
curtailment_PV_ground_share,Curtailment: PV ground share,86,0.0026824654954364217,0.006967147412580781,5.691215594289948e-18,0.0378656178786059,0.037865617878605894,2.5972924626369767,2004,1985
curtailment_PV_ground_mwh,Curtailment: PV ground (MW)h,86,313150.3386008166,878125.1583218421,4.5638002361611524e-10,5005124.109869679,5005124.109869679,2.804164805458563,1998,1985
